{
    "nodes": [
      {"name": "Jorah", "group": 0},
      {"name": "Balon", "group": 0},
      {"name": "Loras", "group": 1},
      {"name": "Barristan", "group": 2},
      {"name": "Gregor", "group": 2},
      {"name": "Hound", "group": 3},
      {"name": "Blackfish", "group": 4},
      {"name": "zzzz", "group": 5}
     ],      
    "links": [ 
      {"source": "1", "target": "0", "value": 166},
      {"source": "2", "target": "0", "value": 181},
      {"source": "3", "target": "0", "value": 79},
      {"source": "4", "target": "0", "value": 3},
      {"source": "5", "target": "0", "value": 284},
      {"source": "6", "target": "0", "value": 77},
      {"source": "7", "target": "0", "value": 301},
      
      {"source": "2", "target": "1", "value": 25},
      {"source": "3", "target": "1", "value": 348},
      {"source": "4", "target": "1", "value": 32},
      {"source": "5", "target": "1", "value": 74},
      {"source": "6", "target": "1", "value": 346},
      {"source": "7", "target": "1", "value": 105},
     
      {"source": "3", "target": "2", "value": 53},
      {"source": "4", "target": "2", "value": 0},
      {"source": "5", "target": "2", "value": 142},
      {"source": "6", "target": "2", "value": 477},
      {"source": "7", "target": "2", "value": 200},
      
      {"source": "4", "target": "3", "value": 10},
      {"source": "5", "target": "3", "value": 31},
      {"source": "6", "target": "3", "value": 93},
      {"source": "7", "target": "3", "value": 136},
      
      {"source": "5", "target": "4", "value": 2},
      {"source": "6", "target": "4", "value": 0},
      {"source": "7", "target": "4", "value": 12},
      
      {"source": "6", "target": "5", "value": 99},
      {"source": "7", "target": "5", "value": 187},
     
      {"source": "7", "target": "6", "value": 177}
    ]
  }