[
  {
    "name": "工商银行",
    "type": "Large State-owned Commercial Bank",
    "assetSize": 276995,
    "capitalAdequacyRatio": 0.1539,
    "nonPerformingLoansRatio": 0.0152,
    "specialMentionedLoansRatio": 0.0292,
    "provisionCoverage": 1.7576,
    "liquidityRatio": 0.438,
    "assetProfitRatio": 0.0111,
    "capitalProfitRatio": 0.1379,
    "costToIncomeRatio": 0.2391
  },
  {
    "name": "建设银行",
    "type": "Large State-owned Commercial Bank",
    "assetSize": 232227,
    "capitalAdequacyRatio": 0.1719,
    "nonPerformingLoansRatio": 0.0146,
    "specialMentionedLoansRatio": 0.0281,
    "provisionCoverage": 2.0837,
    "liquidityRatio": 0.4769,
    "assetProfitRatio": 0.0113,
    "capitalProfitRatio": 0.1404,
    "costToIncomeRatio": 0.2642
  },
  {
    "name": "农业银行",
    "type": "Large State-owned Commercial Bank",
    "assetSize": 226095,
    "capitalAdequacyRatio": 0.1512,
    "nonPerformingLoansRatio": 0.0159,
    "specialMentionedLoansRatio": 0.0274,
    "provisionCoverage": 2.5218,
    "liquidityRatio": 0.5517,
    "assetProfitRatio": 0.0093,
    "capitalProfitRatio": 0.1366,
    "costToIncomeRatio": 0.3127
  },
  {
    "name": "中国银行",
    "type": "Large State-owned Commercial Bank",
    "assetSize": 212673,
    "capitalAdequacyRatio": 0.1497,
    "nonPerformingLoansRatio": 0.0142,
    "specialMentionedLoansRatio": 0.029,
    "provisionCoverage": 1.8197,
    "liquidityRatio": 0.587,
    "assetProfitRatio": 0.0094,
    "capitalProfitRatio": 0.1206,
    "costToIncomeRatio": 0.2809
  },
  {
    "name": "交通银行",
    "type": "Large State-owned Commercial Bank",
    "assetSize": 95312,
    "capitalAdequacyRatio": 0.1437,
    "nonPerformingLoansRatio": 0.0149,
    "specialMentionedLoansRatio": 0.0245,
    "provisionCoverage": 1.7313,
    "liquidityRatio": 0.6728,
    "assetProfitRatio": 0.008,
    "capitalProfitRatio": 0.1117,
    "costToIncomeRatio": 0.315
  },
  {
    "name": "邮储银行",
    "type": "Large State-owned Commercial Bank",
    "assetSize": 95162,
    "capitalAdequacyRatio": 0.1376,
    "nonPerformingLoansRatio": 0.0086,
    "specialMentionedLoansRatio": 0.0149,
    "provisionCoverage": 2.468,
    "liquidityRatio": 0.6117,
    "assetProfitRatio": 0.0057,
    "capitalProfitRatio": 0.1231,
    "costToIncomeRatio": 0.576
  },
  {
    "name": "招商银行",
    "type": "Joint-stock Commercial Bank",
    "assetSize": 67457,
    "capitalAdequacyRatio": 0.1568,
    "nonPerformingLoansRatio": 0.0136,
    "specialMentionedLoansRatio": 0.0151,
    "provisionCoverage": 3.5818,
    "liquidityRatio": 0.5195,
    "assetProfitRatio": 0.0124,
    "capitalProfitRatio": 0.1657,
    "costToIncomeRatio": 0.3102
  },
  {
    "name": "兴业银行",
    "type": "Joint-stock Commercial Bank",
    "assetSize": 67117,
    "capitalAdequacyRatio": 0.122,
    "nonPerformingLoansRatio": 0.0157,
    "specialMentionedLoansRatio": 0.0205,
    "provisionCoverage": 2.0728,
    "liquidityRatio": 0.6652,
    "assetProfitRatio": 0.0093,
    "capitalProfitRatio": 0.1427,
    "costToIncomeRatio": 0.2689
  },
  {
    "name": "浦发银行",
    "type": "Joint-stock Commercial Bank",
    "assetSize": 62896,
    "capitalAdequacyRatio": 0.1367,
    "nonPerformingLoansRatio": 0.0192,
    "specialMentionedLoansRatio": 0.0295,
    "provisionCoverage": 1.5488,
    "liquidityRatio": 0.5543,
    "assetProfitRatio": 0.0091,
    "capitalProfitRatio": 0.1314,
    "costToIncomeRatio": 0.2512
  },
  {
    "name": "中信银行",
    "type": "Joint-stock Commercial Bank",
    "assetSize": 60667,
    "capitalAdequacyRatio": 0.1247,
    "nonPerformingLoansRatio": 0.0177,
    "specialMentionedLoansRatio": 0.0236,
    "provisionCoverage": 1.5798,
    "liquidityRatio": 0.508,
    "assetProfitRatio": 0.0077,
    "capitalProfitRatio": 0.1139,
    "costToIncomeRatio": 0.3057
  },
  {
    "name": "平安银行",
    "type": "Joint-stock Commercial Bank",
    "assetSize": 34186,
    "capitalAdequacyRatio": 0.115,
    "nonPerformingLoansRatio": 0.0175,
    "specialMentionedLoansRatio": 0.0273,
    "provisionCoverage": 1.5524,
    "liquidityRatio": 0.6086,
    "assetProfitRatio": 0.0073,
    "capitalProfitRatio": 0.1149,
    "costToIncomeRatio": 0.3032
  },
  {
    "name": "民生银行",
    "type": "Joint-stock Commercial Bank",
    "assetSize": 59948,
    "capitalAdequacyRatio": 0.1175,
    "nonPerformingLoansRatio": 0.0176,
    "specialMentionedLoansRatio": 0.0338,
    "provisionCoverage": 1.3405,
    "liquidityRatio": 0.5164,
    "assetProfitRatio": 0.0085,
    "capitalProfitRatio": 0.1294,
    "costToIncomeRatio": 0.3007
  },
  {
    "name": "华夏银行",
    "type": "Joint-stock Commercial Bank",
    "assetSize": 26806,
    "capitalAdequacyRatio": 0.1319,
    "nonPerformingLoansRatio": 0.0185,
    "specialMentionedLoansRatio": 0.0444,
    "provisionCoverage": 1.5859,
    "liquidityRatio": 0.5123,
    "assetProfitRatio": 0.0081,
    "capitalProfitRatio": 0.1267,
    "costToIncomeRatio": 0.3258
  },
  {
    "name": "广发银行",
    "type": "Joint-stock Commercial Bank",
    "assetSize": 23609,
    "capitalAdequacyRatio": 0.1178,
    "nonPerformingLoansRatio": 0.0145,
    "specialMentionedLoansRatio": 0.0334,
    "provisionCoverage": 1.5106,
    "liquidityRatio": 0.8058,
    "assetProfitRatio": 0.0048,
    "capitalProfitRatio": 0.0882,
    "costToIncomeRatio": 0.3618
  },
  {
    "name": "浙商银行",
    "type": "Joint-stock Commercial Bank",
    "assetSize": 16467,
    "capitalAdequacyRatio": 0.1338,
    "nonPerformingLoansRatio": 0.012,
    "specialMentionedLoansRatio": 0.0162,
    "provisionCoverage": 2.7037,
    "liquidityRatio": 0.528,
    "assetProfitRatio": 0.0073,
    "capitalProfitRatio": 0.1417,
    "costToIncomeRatio": 0.2999
  },
  {
    "name": "南京银行",
    "type": "City Commercial Bank",
    "assetSize": 12433,
    "capitalAdequacyRatio": 0.1293,
    "nonPerformingLoansRatio": 0.0089,
    "specialMentionedLoansRatio": 0.0142,
    "provisionCoverage": 4.6268,
    "liquidityRatio": 0.5162,
    "assetProfitRatio": 0.0093,
    "capitalProfitRatio": 0.1696,
    "costToIncomeRatio": 0.292
  },
  {
    "name": "宁波银行",
    "type": "City Commercial Bank",
    "assetSize": 11164,
    "capitalAdequacyRatio": 0.1486,
    "nonPerformingLoansRatio": 0.0078,
    "specialMentionedLoansRatio": 0.0055,
    "provisionCoverage": 5.2183,
    "liquidityRatio": 0.5743,
    "assetProfitRatio": 0.0104,
    "capitalProfitRatio": 0.1872,
    "costToIncomeRatio": 0.3444
  },
  {
    "name": "徽商银行",
    "type": "City Commercial Bank",
    "assetSize": 10505,
    "capitalAdequacyRatio": 0.1165,
    "nonPerformingLoansRatio": 0.0104,
    "specialMentionedLoansRatio": 0.0053,
    "provisionCoverage": 3.0222,
    "liquidityRatio": 0.3719,
    "assetProfitRatio": 0.009,
    "capitalProfitRatio": 0.1508,
    "costToIncomeRatio": 0.2302
  },
  {
    "name": "重庆农商",
    "type": "Rural Commercial Bank",
    "assetSize": 9506,
    "capitalAdequacyRatio": 0.1352,
    "nonPerformingLoansRatio": 0.0129,
    "specialMentionedLoansRatio": 0.0193,
    "provisionCoverage": 3.4779,
    "liquidityRatio": 0.5171,
    "assetProfitRatio": 0.0099,
    "capitalProfitRatio": 0.1347,
    "costToIncomeRatio": 0.3035
  },
  {
    "name": "杭州银行",
    "type": "City Commercial Bank",
    "assetSize": 9211,
    "capitalAdequacyRatio": 0.1371,
    "nonPerformingLoansRatio": 0.0145,
    "specialMentionedLoansRatio": 0.0126,
    "provisionCoverage": 2.56,
    "liquidityRatio": 0.5543,
    "assetProfitRatio": 0.0062,
    "capitalProfitRatio": 0.1101,
    "costToIncomeRatio": 0.2991
  },
  {
    "name": "北京农商",
    "type": "Rural Commercial Bank",
    "assetSize": 8811,
    "capitalAdequacyRatio": 0.1526,
    "nonPerformingLoansRatio": 0.0036,
    "specialMentionedLoansRatio": 0.0029,
    "provisionCoverage": 10.6887,
    "liquidityRatio": 0.6562,
    "assetProfitRatio": 0.0085,
    "capitalProfitRatio": 0.15,
    "costToIncomeRatio": 0.3357
  },
  {
    "name": "上海农商",
    "type": "Rural Commercial Bank",
    "assetSize": 8337,
    "capitalAdequacyRatio": 0.1575,
    "nonPerformingLoansRatio": 0.0113,
    "specialMentionedLoansRatio": 0.0085,
    "provisionCoverage": 3.7084,
    "liquidityRatio": 0.4545,
    "assetProfitRatio": 0.0089,
    "capitalProfitRatio": 0.1325,
    "costToIncomeRatio": 0.3195
  },
  {
    "name": "长沙银行",
    "type": "City Commercial Bank",
    "assetSize": 5266,
    "capitalAdequacyRatio": 0.1224,
    "nonPerformingLoansRatio": 0.0129,
    "specialMentionedLoansRatio": 0.029,
    "provisionCoverage": 2.754,
    "liquidityRatio": 0.5753,
    "assetProfitRatio": 0.0092,
    "capitalProfitRatio": 0.1691,
    "costToIncomeRatio": 0.3412
  },
  {
    "name": "广州银行",
    "type": "City Commercial Bank",
    "assetSize": 5136,
    "capitalAdequacyRatio": 0.1338,
    "nonPerformingLoansRatio": 0.0086,
    "specialMentionedLoansRatio": 0.013,
    "provisionCoverage": 2.3126,
    "liquidityRatio": 0.8595,
    "assetProfitRatio": 0.0079,
    "capitalProfitRatio": 0.1223,
    "costToIncomeRatio": 0.2976
  },
  {
    "name": "天津银行",
    "type": "City Commercial Bank",
    "assetSize": 6593,
    "capitalAdequacyRatio": 0.1453,
    "nonPerformingLoansRatio": 0.0164,
    "specialMentionedLoansRatio": 0.0461,
    "provisionCoverage": 2.5037,
    "liquidityRatio": 0.5029,
    "assetProfitRatio": 0.0062,
    "capitalProfitRatio": 0.0915,
    "costToIncomeRatio": 0.2718
  },
  {
    "name": "成都银行",
    "type": "City Commercial Bank",
    "assetSize": 4923,
    "capitalAdequacyRatio": 0.1408,
    "nonPerformingLoansRatio": 0.0154,
    "specialMentionedLoansRatio": 0.0188,
    "provisionCoverage": 2.3701,
    "liquidityRatio": 0.7922,
    "assetProfitRatio": 0.01,
    "capitalProfitRatio": 0.1604,
    "costToIncomeRatio": 0.2577
  },
  {
    "name": "重庆银行",
    "type": "City Commercial Bank",
    "assetSize": 4504,
    "capitalAdequacyRatio": 0.1321,
    "nonPerformingLoansRatio": 0.0136,
    "specialMentionedLoansRatio": 0.0331,
    "provisionCoverage": 2.2587,
    "liquidityRatio": 0.9253,
    "assetProfitRatio": 0.0088,
    "capitalProfitRatio": 0.128,
    "costToIncomeRatio": 0.2293
  },
  {
    "name": "深圳农商",
    "type": "Rural Commercial Bank",
    "assetSize": 3169,
    "capitalAdequacyRatio": 0.1368,
    "nonPerformingLoansRatio": 0.0114,
    "specialMentionedLoansRatio": 0.0448,
    "provisionCoverage": 2.5071,
    "liquidityRatio": 0.5163,
    "assetProfitRatio": 0.0146,
    "capitalProfitRatio": 0.1662,
    "costToIncomeRatio": 0.3309
  },
  {
    "name": "东莞银行",
    "type": "City Commercial Bank",
    "assetSize": 3145,
    "capitalAdequacyRatio": 0.1303,
    "nonPerformingLoansRatio": 0.0139,
    "specialMentionedLoansRatio": 0.0184,
    "provisionCoverage": 1.8206,
    "liquidityRatio": 0.7773,
    "assetProfitRatio": 0.0085,
    "capitalProfitRatio": 0.1267,
    "costToIncomeRatio": 0.3241
  },
  {
    "name": "苏州银行",
    "type": "City Commercial Bank",
    "assetSize": 3111,
    "capitalAdequacyRatio": 0.1296,
    "nonPerformingLoansRatio": 0.017,
    "specialMentionedLoansRatio": 0.0266,
    "provisionCoverage": 1.7433,
    "liquidityRatio": 0.5166,
    "assetProfitRatio": 0.0078,
    "capitalProfitRatio": 0.0999,
    "costToIncomeRatio": 0.3773
  },
  {
    "name": "广东顺德农商",
    "type": "Rural Commercial Bank",
    "assetSize": 2979,
    "capitalAdequacyRatio": 0.1395,
    "nonPerformingLoansRatio": 0.0176,
    "specialMentionedLoansRatio": 0.0145,
    "provisionCoverage": 1.7395,
    "liquidityRatio": 0.4325,
    "assetProfitRatio": 0.0092,
    "capitalProfitRatio": 0.1081,
    "costToIncomeRatio": 0.3283
  },
  {
    "name": "西安银行",
    "type": "City Commercial Bank",
    "assetSize": 2435,
    "capitalAdequacyRatio": 0.1417,
    "nonPerformingLoansRatio": 0.012,
    "specialMentionedLoansRatio": 0.0227,
    "provisionCoverage": 2.1653,
    "liquidityRatio": 0.4771,
    "assetProfitRatio": 0.0099,
    "capitalProfitRatio": 0.125,
    "costToIncomeRatio": 0.2797
  },
  {
    "name": "晋商银行",
    "type": "City Commercial Bank",
    "assetSize": 2276,
    "capitalAdequacyRatio": 0.1299,
    "nonPerformingLoansRatio": 0.0188,
    "specialMentionedLoansRatio": 0.0265,
    "provisionCoverage": 1.9535,
    "liquidityRatio": 0.8391,
    "assetProfitRatio": 0.0061,
    "capitalProfitRatio": 0.0848,
    "costToIncomeRatio": 0.3688
  },
  {
    "name": "郑州银行",
    "type": "City Commercial Bank",
    "assetSize": 4661,
    "capitalAdequacyRatio": 0.1315,
    "nonPerformingLoansRatio": 0.0246,
    "specialMentionedLoansRatio": 0.0294,
    "provisionCoverage": 1.5484,
    "liquidityRatio": 0.5639,
    "assetProfitRatio": 0.0063,
    "capitalProfitRatio": 0.1003,
    "costToIncomeRatio": 0.2806
  },
  {
    "name": "江西银行",
    "type": "City Commercial Bank",
    "assetSize": 4191,
    "capitalAdequacyRatio": 0.136,
    "nonPerformingLoansRatio": 0.019,
    "specialMentionedLoansRatio": 0.0499,
    "provisionCoverage": 1.7142,
    "liquidityRatio": 0.5793,
    "assetProfitRatio": 0.007,
    "capitalProfitRatio": 0.0995,
    "costToIncomeRatio": 0.3048
  },
  {
    "name": "江苏江南农商",
    "type": "Rural Commercial Bank",
    "assetSize": 3798,
    "capitalAdequacyRatio": 0.1295,
    "nonPerformingLoansRatio": 0.0181,
    "specialMentionedLoansRatio": 0.0365,
    "provisionCoverage": 1.7646,
    "liquidityRatio": 0.4998,
    "assetProfitRatio": 0.0065,
    "capitalProfitRatio": 0.1,
    "costToIncomeRatio": 0.2878
  },
  {
    "name": "九江银行",
    "type": "City Commercial Bank",
    "assetSize": 3116,
    "capitalAdequacyRatio": 0.1155,
    "nonPerformingLoansRatio": 0.0199,
    "specialMentionedLoansRatio": 0.014,
    "provisionCoverage": 1.6969,
    "liquidityRatio": 0.5499,
    "assetProfitRatio": 0.0061,
    "capitalProfitRatio": 0.0866,
    "costToIncomeRatio": 0.2949
  },
  {
    "name": "青岛农商",
    "type": "Rural Commercial Bank",
    "assetSize": 2941,
    "capitalAdequacyRatio": 0.1255,
    "nonPerformingLoansRatio": 0.0157,
    "specialMentionedLoansRatio": 0.0715,
    "provisionCoverage": 2.9005,
    "liquidityRatio": 0.5965,
    "assetProfitRatio": 0.009,
    "capitalProfitRatio": 0.1277,
    "costToIncomeRatio": 0.3223
  },
  {
    "name": "齐鲁银行",
    "type": "City Commercial Bank",
    "assetSize": 2657,
    "capitalAdequacyRatio": 0.145,
    "nonPerformingLoansRatio": 0.0164,
    "specialMentionedLoansRatio": 0.0405,
    "provisionCoverage": 1.9268,
    "liquidityRatio": 0.7282,
    "assetProfitRatio": 0.0086,
    "capitalProfitRatio": 0.1104,
    "costToIncomeRatio": 0.3149
  },
  {
    "name": "长安银行",
    "type": "City Commercial Bank",
    "assetSize": 2413,
    "capitalAdequacyRatio": 0.1098,
    "nonPerformingLoansRatio": 0.0178,
    "specialMentionedLoansRatio": 0.0096,
    "provisionCoverage": 1.6233,
    "liquidityRatio": 0.6216,
    "assetProfitRatio": 0.0069,
    "capitalProfitRatio": 0.109,
    "costToIncomeRatio": 0.3523
  },
  {
    "name": "华兴银行",
    "type": "City Commercial Bank",
    "assetSize": 1968,
    "capitalAdequacyRatio": 0.127,
    "nonPerformingLoansRatio": 0.0109,
    "specialMentionedLoansRatio": 0.0062,
    "provisionCoverage": 2.1813,
    "liquidityRatio": 0.8156,
    "assetProfitRatio": 0.0086,
    "capitalProfitRatio": 0.1173,
    "costToIncomeRatio": 0.3756
  },
  {
    "name": "江苏紫金农商",
    "type": "Rural Commercial Bank",
    "assetSize": 1932,
    "capitalAdequacyRatio": 0.1335,
    "nonPerformingLoansRatio": 0.0169,
    "specialMentionedLoansRatio": 0.0176,
    "provisionCoverage": 2.2958,
    "liquidityRatio": 0.6122,
    "assetProfitRatio": 0.0069,
    "capitalProfitRatio": 0.1127,
    "costToIncomeRatio": 0.3342
  },
  {
    "name": "台州银行",
    "type": "City Commercial Bank",
    "assetSize": 1894,
    "capitalAdequacyRatio": 0.1639,
    "nonPerformingLoansRatio": 0.0064,
    "specialMentionedLoansRatio": 0.0016,
    "provisionCoverage": 3.9698,
    "liquidityRatio": 0.5514,
    "assetProfitRatio": 0.0243,
    "capitalProfitRatio": 0.3007,
    "costToIncomeRatio": 0.3195
  },
  {
    "name": "浙江泰隆商行",
    "type": "City Commercial Bank",
    "assetSize": 1686,
    "capitalAdequacyRatio": 0.152,
    "nonPerformingLoansRatio": 0.0116,
    "specialMentionedLoansRatio": 0.007,
    "provisionCoverage": 2.2624,
    "liquidityRatio": 0.5079,
    "assetProfitRatio": 0.0178,
    "capitalProfitRatio": 0.2305,
    "costToIncomeRatio": 0.4753
  },
  {
    "name": "江苏常熟农商",
    "type": "Rural Commercial Bank",
    "assetSize": 1667,
    "capitalAdequacyRatio": 0.1512,
    "nonPerformingLoansRatio": 0.0099,
    "specialMentionedLoansRatio": 0.0207,
    "provisionCoverage": 4.4502,
    "liquidityRatio": 0.5421,
    "assetProfitRatio": 0.0101,
    "capitalProfitRatio": 0.1262,
    "costToIncomeRatio": 0.3653
  },
  {
    "name": "浙江萧山农商",
    "type": "Rural Commercial Bank",
    "assetSize": 1579,
    "capitalAdequacyRatio": 0.1389,
    "nonPerformingLoansRatio": 0.0122,
    "specialMentionedLoansRatio": 0.0161,
    "provisionCoverage": 4.5253,
    "liquidityRatio": 0.5762,
    "assetProfitRatio": 0.0085,
    "capitalProfitRatio": 0.0999,
    "costToIncomeRatio": 0.1967
  },
  {
    "name": "乌鲁木齐银行",
    "type": "City Commercial Bank",
    "assetSize": 1527,
    "capitalAdequacyRatio": 0.1758,
    "nonPerformingLoansRatio": 0.0193,
    "specialMentionedLoansRatio": 0.0165,
    "provisionCoverage": 2.0871,
    "liquidityRatio": 0.656,
    "assetProfitRatio": 0.0086,
    "capitalProfitRatio": 0.1001,
    "costToIncomeRatio": 0.2859
  },
  {
    "name": "赣州银行",
    "type": "City Commercial Bank",
    "assetSize": 1365,
    "capitalAdequacyRatio": 0.1209,
    "nonPerformingLoansRatio": 0.0188,
    "specialMentionedLoansRatio": 0.0275,
    "provisionCoverage": 1.5386,
    "liquidityRatio": 0.7804,
    "assetProfitRatio": 0.0067,
    "capitalProfitRatio": 0.0995,
    "costToIncomeRatio": 0.3205
  },
  {
    "name": "甘肃银行",
    "type": "City Commercial Bank",
    "assetSize": 3286,
    "capitalAdequacyRatio": 0.1355,
    "nonPerformingLoansRatio": 0.0229,
    "specialMentionedLoansRatio": 0.0814,
    "provisionCoverage": 1.6947,
    "liquidityRatio": 0.4471,
    "assetProfitRatio": 0.0115,
    "capitalProfitRatio": 0.1643,
    "costToIncomeRatio": 0.2472
  },
  {
    "name": "江苏张家港农商",
    "type": "Rural Commercial Bank",
    "assetSize": 1134.46,
    "capitalAdequacyRatio": 0.1565,
    "nonPerformingLoansRatio": 0.0147,
    "specialMentionedLoansRatio": 0.0524,
    "provisionCoverage": 2.2385,
    "liquidityRatio": 0.5138,
    "assetProfitRatio": 0.0076,
    "capitalProfitRatio": 0.0939,
    "costToIncomeRatio": 0.3543
  },
  {
    "name": "金华银行",
    "type": "City Commercial Bank",
    "assetSize": 721,
    "capitalAdequacyRatio": 0.1384,
    "nonPerformingLoansRatio": 0.0169,
    "specialMentionedLoansRatio": 0.0286,
    "provisionCoverage": 1.5006,
    "liquidityRatio": 0.7579,
    "assetProfitRatio": 0.0028,
    "capitalProfitRatio": 0.0451,
    "costToIncomeRatio": 0.4892
  },
  {
    "name": "嘉兴银行",
    "type": "City Commercial Bank",
    "assetSize": 673,
    "capitalAdequacyRatio": 0.1248,
    "nonPerformingLoansRatio": 0.0113,
    "specialMentionedLoansRatio": 0.0269,
    "provisionCoverage": 3.3658,
    "liquidityRatio": 0.6434,
    "assetProfitRatio": 0.0097,
    "capitalProfitRatio": 0.1461,
    "costToIncomeRatio": 0.338
  }
]